<?xml version="1.0" encoding="UTF-8"?>
<odoo>
    <data noupdate="1">
        <!--  Scheduled cron job for managing Employee Resignation-->
        <record id="ir_cron_employee_resignation" model="ir.cron">
            <field name="name">HR Resignation: Update Employee Status</field>
            <field name="model_id" ref="model_hr_resignation"/>
            <field name="state">code</field>
            <field name="code">model.update_employee_status()</field>
            <field name="user_id" ref="base.user_root"/>
            <field name="interval_number">1</field>
            <field name="interval_type">days</field>
        </record>
    </data>
</odoo>
